{
  "info": {
    "name": "Shopzeo User Authentication",
    "description": "Collection for testing user authentication endpoints",
    "schema": "https://schema.getpostman.com/json/collection/v2.1.0/collection.json"
  },
  "variable": [
    {
      "key": "base_url",
      "value": "http://localhost:5310",
      "type": "string"
    },
    {
      "key": "access_token",
      "value": "",
      "type": "string"
    },
    {
      "key": "refresh_token",
      "value": "",
      "type": "string"
    },
    {
      "key": "user_id",
      "value": "",
      "type": "string"
    }
  ],
  "item": [
    {
      "name": "Health Check",
      "request": {
        "method": "GET",
        "header": [],
        "url": {
          "raw": "{{base_url}}/health",
          "host": ["{{base_url}}"],
          "path": ["health"]
        }
      }
    },
    {
      "name": "User Signup (Email + Password)",
      "request": {
        "method": "POST",
        "header": [
          {
            "key": "Content-Type",
            "value": "application/json"
          }
        ],
        "body": {
          "mode": "raw",
          "raw": "{\n  \"first_name\": \"John\",\n  \"last_name\": \"Doe\",\n  \"email\": \"john.doe@example.com\",\n  \"phone\": \"+919876543210\",\n  \"password\": \"Test@123\",\n  \"role\": \"customer\"\n}"
        },
        "url": {
          "raw": "{{base_url}}/api/user-auth/signup",
          "host": ["{{base_url}}"],
          "path": ["api", "user-auth", "signup"]
        }
      }
    },
    {
      "name": "User Signup (Phone + OTP)",
      "request": {
        "method": "POST",
        "header": [
          {
            "key": "Content-Type",
            "value": "application/json"
          }
        ],
        "body": {
          "mode": "raw",
          "raw": "{\n  \"first_name\": \"Jane\",\n  \"last_name\": \"Smith\",\n  \"phone\": \"+919876543211\",\n  \"role\": \"vendor\"\n}"
        },
        "url": {
          "raw": "{{base_url}}/api/user-auth/signup",
          "host": ["{{base_url}}"],
          "path": ["api", "user-auth", "signup"]
        }
      }
    },
    {
      "name": "User Login (Email + Password)",
      "request": {
        "method": "POST",
        "header": [
          {
            "key": "Content-Type",
            "value": "application/json"
          }
        ],
        "body": {
          "mode": "raw",
          "raw": "{\n  \"email\": \"john.doe@example.com\",\n  \"password\": \"Test@123\"\n}"
        },
        "url": {
          "raw": "{{base_url}}/api/user-auth/login",
          "host": ["{{base_url}}"],
          "path": ["api", "user-auth", "login"]
        }
      },
      "event": [
        {
          "listen": "test",
          "script": {
            "exec": [
              "if (pm.response.code === 200) {",
              "    const response = pm.response.json();",
              "    if (response.success && response.data.access_token) {",
              "        pm.collectionVariables.set('access_token', response.data.access_token);",
              "        pm.collectionVariables.set('refresh_token', response.data.data.refresh_token);",
              "        pm.collectionVariables.set('user_id', response.data.data.user.id);",
              "        console.log('Tokens saved to collection variables');",
              "    }",
              "}"
            ]
          }
        }
      ]
    },
    {
      "name": "User Login (Phone + OTP)",
      "request": {
        "method": "POST",
        "header": [
          {
            "key": "Content-Type",
            "value": "application/json"
          }
        ],
        "body": {
          "mode": "raw",
          "raw": "{\n  \"phone\": \"+919876543211\"\n}"
        },
        "url": {
          "raw": "{{base_url}}/api/user-auth/login",
          "host": ["{{base_url}}"],
          "path": ["api", "user-auth", "login"]
        }
      }
    },
    {
      "name": "Verify OTP",
      "request": {
        "method": "POST",
        "header": [
          {
            "key": "Content-Type",
            "value": "application/json"
          }
        ],
        "body": {
          "mode": "raw",
          "raw": "{\n  \"user_id\": \"{{user_id}}\",\n  \"otp\": \"123456\"\n}"
        },
        "url": {
          "raw": "{{base_url}}/api/user-auth/verify-otp",
          "host": ["{{base_url}}"],
          "path": ["api", "user-auth", "verify-otp"]
        }
      }
    },
    {
      "name": "Get User Profile",
      "request": {
        "method": "GET",
        "header": [
          {
            "key": "Authorization",
            "value": "Bearer {{access_token}}"
          }
        ],
        "url": {
          "raw": "{{base_url}}/api/user-auth/profile",
          "host": ["{{base_url}}"],
          "path": ["api", "user-auth", "profile"]
        }
      }
    },
    {
      "name": "Update User Profile",
      "request": {
        "method": "PUT",
        "header": [
          {
            "key": "Authorization",
            "value": "Bearer {{access_token}}"
          },
          {
            "key": "Content-Type",
            "value": "application/json"
          }
        ],
        "body": {
          "mode": "raw",
          "raw": "{\n  \"city\": \"Mumbai\",\n  \"state\": \"Maharashtra\",\n  \"country\": \"India\"\n}"
        },
        "url": {
          "raw": "{{base_url}}/api/user-auth/profile",
          "host": ["{{base_url}}"],
          "path": ["api", "user-auth", "profile"]
        }
      }
    },
    {
      "name": "Change Password",
      "request": {
        "method": "POST",
        "header": [
          {
            "key": "Authorization",
            "value": "Bearer {{access_token}}"
          },
          {
            "key": "Content-Type",
            "value": "application/json"
          }
        ],
        "body": {
          "mode": "raw",
          "raw": "{\n  \"current_password\": \"Test@123\",\n  \"new_password\": \"NewTest@123\"\n}"
        },
        "url": {
          "raw": "{{base_url}}/api/user-auth/change-password",
          "host": ["{{base_url}}"],
          "path": ["api", "user-auth", "change-password"]
        }
      }
    },
    {
      "name": "Refresh Token",
      "request": {
        "method": "POST",
        "header": [
          {
            "key": "Content-Type",
            "value": "application/json"
          }
        ],
        "body": {
          "mode": "raw",
          "raw": "{\n  \"refresh_token\": \"{{refresh_token}}\"\n}"
        },
        "url": {
          "raw": "{{base_url}}/api/user-auth/refresh-token",
          "host": ["{{base_url}}"],
          "path": ["api", "user-auth", "refresh-token"]
        }
      },
      "event": [
        {
          "listen": "test",
          "script": {
            "exec": [
              "if (pm.response.code === 200) {",
              "    const response = pm.response.json();",
              "    if (response.success && response.data.access_token) {",
              "        pm.collectionVariables.set('access_token', response.data.access_token);",
              "        console.log('Access token refreshed');",
              "    }",
              "}"
            ]
          }
        }
      ]
    },
    {
      "name": "Logout",
      "request": {
        "method": "POST",
        "header": [
          {
            "key": "Authorization",
            "value": "Bearer {{access_token}}"
          }
        ],
        "url": {
          "raw": "{{base_url}}/api/user-auth/logout",
          "host": ["{{base_url}}"],
          "path": ["api", "user-auth", "logout"]
        }
      }
    },
    {
      "name": "Test Unauthorized Access",
      "request": {
        "method": "GET",
        "header": [],
        "url": {
          "raw": "{{base_url}}/api/user-auth/profile",
          "host": ["{{base_url}}"],
          "path": ["api", "user-auth", "profile"]
        }
      }
    },
    {
      "name": "Test Validation Errors",
      "request": {
        "method": "POST",
        "header": [
          {
            "key": "Content-Type",
            "value": "application/json"
          }
        ],
        "body": {
          "mode": "raw",
          "raw": "{\n  \"first_name\": \"Test\",\n  \"last_name\": \"Invalid\",\n  \"email\": \"invalid-email\",\n  \"password\": \"123\",\n  \"role\": \"invalid-role\"\n}"
        },
        "url": {
          "raw": "{{base_url}}/api/user-auth/signup",
          "host": ["{{base_url}}"],
          "path": ["api", "user-auth", "signup"]
        }
      }
    }
  ]
}

